1	94609	1
1	67367	2
1	158966	3
1	119952	4
1	170998	5
1	138329	6
1	94611	7
1	78831	8
1	93739	9
1	133899	10
1	144983	11
1	146378	12
1	113520	13
1	54229	14
1	121554	15
1	71086	16
1	97901	17
1	88624	18
1	43259	19
1	47688	20
1	81848	21
1	90421	22
1	41867	23
1	122103	24
1	104681	25
1	115382	26
1	78189	27
1	34849	28
1	148352	29
1	66780	30
1	91904	31
1	94087	32
1	71191	33
1	159417	34
1	141248	35
1	135630	36
1	140830	37
1	156258	38
1	100340	39
1	133145	40
1	158805	41
1	145040	42
1	68404	43
1	115846	44
1	167890	45
1	119194	46
1	115158	47
1	74889	48
1	100612	49
1	80972	50
1	78900	51
1	96024	52
1	72286	53
1	112317	54
1	60324	55
1	98574	56
1	138068	57
1	118594	58
1	68066	59
1	153045	60
1	98227	61
1	69018	62
1	111057	63
1	74233	64
1	159010	65
1	150765	66
1	105229	67
1	88770	68
1	88805	69
1	21809	70
1	141328	71
1	101619	72
1	99166	73
1	75269	74
1	75313	75
1	107255	76
1	101180	77
1	90233	78
1	92998	79
1	101064	80
1	97695	81
1	107813	82
1	69433	83
1	88720	84
1	118343	85
1	88721	86
1	100429	87
1	147260	88
1	74066	89
1	118874	90
1	24489	91
1	91954	92
1	145693	93
1	94634	94
1	144017	95
1	168945	96
1	69223	97
1	81210	98
1	73110	99
1	95579	100
2	144005	1
2	74134	2
2	67962	3
2	75760	4
2	162496	5
2	142704	6
2	28537	7
2	101715	8
2	122068	9
2	127776	10
2	82284	11
2	68116	12
2	105371	13
2	80312	14
2	163928	15
2	73658	16
2	68452	17
2	34271	18
2	76254	19
2	117639	20
2	112741	21
2	77575	22
2	93622	23
2	124812	24
2	156265	25
2	75679	26
2	129804	27
2	160418	28
2	94373	29
2	71783	30
2	81317	31
2	156449	32
2	83398	33
2	162578	34
2	25575	35
2	116612	36
2	161303	37
2	68170	38
2	29072	39
2	76253	40
2	73354	41
2	82740	42
2	89511	43
2	130703	44
2	147024	45
2	70351	46
2	130693	47
2	70202	48
2	55623	49
2	128954	50
2	60671	51
2	69389	52
2	151816	53
2	55343	54
2	92538	55
2	100899	56
2	92055	57
2	165123	58
2	167788	59
2	121982	60
2	81823	61
2	111109	62
2	138975	63
2	144654	64
2	74005	65
2	26090	66
2	117961	67
2	111601	68
2	141526	69
2	103615	70
2	82718	71
2	154003	72
2	157877	73
2	69074	74
2	71251	75
2	132076	76
2	123542	77
2	99513	78
2	68618	79
2	161450	80
2	86213	81
2	130403	82
2	61454	83
2	50305	84
2	123343	85
2	143578	86
2	99222	87
2	124660	88
2	97483	89
2	148033	90
2	94753	91
2	132195	92
2	168236	93
2	90365	94
2	129371	95
2	163409	96
2	85294	97
2	88345	98
2	107575	99
2	102747	100
3	85229	1
3	158685	2
3	112741	3
3	142076	4
3	124812	5
3	125207	6
3	69679	7
3	96360	8
3	43405	9
3	152981	10
3	69655	11
3	160117	12
3	161429	13
3	109860	14
3	70128	15
3	69798	16
3	163131	17
3	124555	18
3	118099	19
3	127817	20
3	144385	21
3	73099	22
3	94181	23
3	98965	24
3	136086	25
3	112237	26
3	102335	27
3	126444	28
3	171265	29
3	76050	30
3	150466	31
3	124022	32
3	147920	33
3	143155	34
3	119991	35
3	73267	36
3	159736	37
3	132226	38
3	98867	39
3	146350	40
3	89891	41
3	39877	42
3	32227	43
3	42660	44
3	95967	45
3	47622	46
3	70085	47
3	74123	48
3	104239	49
3	88050	50
3	73207	51
3	163109	52
3	170459	53
3	126721	54
3	38016	55
3	143200	56
3	31613	57
3	96453	58
3	96658	59
3	88499	60
3	130090	61
3	155310	62
3	114571	63
3	110343	64
3	145277	65
3	40229	66
3	81493	67
3	109106	68
3	127054	69
3	25139	70
3	102129	71
3	94906	72
3	107760	73
3	148372	74
3	27774	75
3	114851	76
3	112593	77
3	166648	78
3	156862	79
3	136445	80
3	71760	81
3	171069	82
3	84884	83
3	110986	84
3	92424	85
3	126141	86
3	99689	87
3	69446	88
3	45517	89
3	135125	90
3	90439	91
3	105815	92
3	114750	93
3	142608	94
3	118584	95
3	87998	96
3	125600	97
3	27127	98
3	73479	99
3	141888	100
4	68576	1
4	138481	2
4	67880	3
4	94746	4
4	96548	5
4	116056	6
4	89322	7
4	106908	8
4	113678	9
4	35667	10
4	169017	11
4	89438	12
4	111245	13
4	38716	14
4	55505	15
4	102256	16
4	108096	17
4	160197	18
4	75002	19
4	105435	20
4	26197	21
4	124980	22
4	70511	23
4	107452	24
4	84637	25
4	117786	26
4	115374	27
4	31170	28
4	111785	29
4	42404	30
4	68656	31
4	88538	32
4	27825	33
4	68368	34
4	95504	35
4	29713	36
4	73885	37
4	71493	38
4	168425	39
4	128924	40
4	133927	41
4	134610	42
4	66780	43
4	87921	44
4	94481	45
4	75533	46
4	158730	47
4	25381	48
4	117432	49
4	39449	50
4	94148	51
4	99295	52
4	139079	53
4	151634	54
4	91954	55
4	92832	56
4	45964	57
4	133111	58
4	68030	59
4	120778	60
4	31042	61
4	67797	62
4	72184	63
4	91074	64
4	104505	65
4	69520	66
4	35706	67
4	105194	68
4	117971	69
4	141248	70
4	94781	71
4	117987	72
4	151573	73
4	25119	74
4	123431	75
4	107060	76
4	111511	77
4	71441	78
4	103296	79
4	131928	80
4	120206	81
4	84559	82
4	105202	83
4	100507	84
4	117240	85
4	63835	86
4	169139	87
4	101846	88
4	26495	89
4	161969	90
4	96362	91
4	67155	92
4	112964	93
4	105033	94
4	72286	95
4	137386	96
4	45517	97
4	45714	98
4	140861	99
4	74244	100
5	69537	1
5	141924	2
5	84823	3
5	29386	4
5	68216	5
5	89485	6
5	162993	7
5	109477	8
5	95509	9
5	89766	10
5	71858	11
5	119513	12
5	130131	13
5	169747	14
5	36615	15
5	92776	16
5	74385	17
5	90439	18
5	70875	19
5	40728	20
5	85904	21
5	69560	22
5	65737	23
5	167629	24
5	115593	25
5	113671	26
5	94703	27
5	58521	28
5	131615	29
5	155576	30
5	108538	31
5	70173	32
5	100033	33
5	40211	34
5	107695	35
5	51965	36
5	89679	37
5	129773	38
5	98928	39
5	91779	40
5	105306	41
5	90851	42
5	74912	43
5	97614	44
5	99561	45
5	71574	46
5	151509	47
5	101684	48
5	42050	49
5	149859	50
5	29289	51
5	171153	52
5	91790	53
5	57070	54
5	114101	55
5	39191	56
5	32770	57
5	168882	58
5	112511	59
5	154173	60
5	156525	61
5	98689	62
5	105153	63
5	68778	64
5	113499	65
5	153018	66
5	92050	67
5	71231	68
5	105243	69
5	92412	70
5	159999	71
5	113440	72
5	118514	73
5	113624	74
5	73525	75
5	91886	76
5	151065	77
5	132650	78
5	135905	79
5	115859	80
5	117552	81
5	102688	82
5	159427	83
5	96620	84
5	32227	85
5	112428	86
5	100473	87
5	120064	88
5	95895	89
5	110319	90
5	144333	91
5	130966	92
5	103054	93
5	74145	94
5	121129	95
5	118329	96
5	70198	97
5	42576	98
5	28401	99
5	64256	100
6	134864	1
6	137273	2
6	111663	3
6	68129	4
6	74204	5
6	136323	6
6	67815	7
6	115749	8
6	154397	9
6	46916	10
6	71417	11
6	37992	12
6	104089	13
6	96634	14
6	98993	15
6	68399	16
6	40812	17
6	137004	18
6	70782	19
6	171038	20
6	137920	21
6	91754	22
6	103204	23
6	92640	24
6	134522	25
6	142843	26
6	98695	27
6	96054	28
6	104998	29
6	141227	30
6	92639	31
6	99470	32
6	70083	33
6	72412	34
6	76307	35
6	71999	36
6	114356	37
6	67796	38
6	133263	39
6	103255	40
6	72454	41
6	49379	42
6	89261	43
6	106082	44
6	77234	45
6	162512	46
6	88788	47
6	111560	48
6	115525	49
6	88981	50
6	123404	51
6	81091	52
6	93231	53
6	39850	54
6	68382	55
6	77078	56
6	98207	57
6	95025	58
6	28388	59
6	71554	60
6	106099	61
6	70029	62
6	91752	63
6	81778	64
6	108385	65
6	88531	66
6	104906	67
6	147981	68
6	109805	69
6	145414	70
6	73331	71
6	117529	72
6	168678	73
6	68390	74
6	72868	75
6	43680	76
6	114254	77
6	67138	78
6	101399	79
6	105630	80
6	170719	81
6	31720	82
6	110600	83
6	70476	84
6	118219	85
6	107317	86
6	139474	87
6	119998	88
6	65860	89
6	73016	90
6	94249	91
6	142719	92
6	123902	93
6	109278	94
6	150859	95
6	70503	96
6	71746	97
6	68411	98
6	71180	99
6	113212	100
7	149715	1
7	169674	2
7	68461	3
7	169467	4
7	170183	5
7	153847	6
7	97281	7
7	74785	8
7	79069	9
7	79860	10
7	85446	11
7	145122	12
7	88367	13
7	71274	14
7	146752	15
7	80949	16
7	167400	17
7	124313	18
7	89261	19
7	73091	20
7	137534	21
7	77234	22
7	130367	23
7	159884	24
7	147242	25
7	110394	26
7	115616	27
7	85391	28
7	60914	29
7	78975	30
7	137515	31
7	114980	32
7	117467	33
7	95025	34
7	71905	35
7	132996	36
7	139859	37
7	76972	38
7	98232	39
7	83254	40
7	86584	41
7	39877	42
7	134050	43
7	94762	44
7	84854	45
7	80894	46
7	148125	47
7	73432	48
7	79476	49
7	160779	50
7	74378	51
7	39850	52
7	153358	53
7	87473	54
7	98233	55
7	98207	56
7	122035	57
7	82813	58
7	39681	59
7	97803	60
7	110043	61
7	81778	62
7	146471	63
7	112647	64
7	147513	65
7	122841	66
7	83999	67
7	157621	68
7	114324	69
7	149530	70
7	38994	71
7	168528	72
7	67914	73
7	124688	74
7	85125	75
7	156331	76
7	121110	77
7	73723	78
7	37543	79
7	83355	80
7	127471	81
7	96298	82
7	70412	83
7	121560	84
7	79677	85
7	13641	86
7	29090	87
7	117605	88
7	68399	89
7	168840	90
7	102894	91
7	77194	92
7	74546	93
7	78033	94
7	126640	95
7	162875	96
7	105955	97
7	150833	98
7	83906	99
7	80587	100
8	129692	1
8	109699	2
8	98045	3
8	145521	4
8	168046	5
8	67252	6
8	101359	7
8	170177	8
8	73608	9
8	59076	10
8	71995	11
8	152396	12
8	74468	13
8	71807	14
8	70778	15
8	147114	16
8	142236	17
8	120778	18
8	134354	19
8	113866	20
8	115321	21
8	114127	22
8	70949	23
8	71259	24
8	140304	25
8	69262	26
8	131649	27
8	143021	28
8	76222	29
8	99511	30
8	90030	31
8	75646	32
8	160883	33
8	69842	34
8	89259	35
8	41411	36
8	97527	37
8	69041	38
8	76052	39
8	74604	40
8	93557	41
8	69294	42
8	68016	43
8	118318	44
8	135545	45
8	95058	46
8	34189	47
8	71608	48
8	72173	49
8	117042	50
8	117953	51
8	114174	52
8	71788	53
8	137343	54
8	113008	55
8	135318	56
8	72111	57
8	67671	58
8	152901	59
8	63819	60
8	105581	61
8	70272	62
8	116947	63
8	106558	64
8	62638	65
8	72374	66
8	97636	67
8	127928	68
8	69638	69
8	120183	70
8	72865	71
8	110905	72
8	166590	73
8	75548	74
8	154898	75
8	75639	76
8	114985	77
8	68411	78
8	72039	79
8	73581	80
8	68605	81
8	71435	82
8	71772	83
8	76299	84
8	62750	85
8	72802	86
8	43584	87
8	101456	88
8	72911	89
8	70336	90
8	109175	91
8	72873	92
8	143356	93
8	153145	94
8	59253	95
8	70780	96
8	160026	97
8	126757	98
8	114266	99
8	117274	100
9	115018	1
9	70966	2
9	93666	3
9	92479	4
9	88682	5
9	27987	6
9	125258	7
9	32864	8
9	73646	9
9	146451	10
9	98472	11
9	70480	12
9	154112	13
9	100831	14
9	90837	15
9	121690	16
9	108445	17
9	164312	18
9	31494	19
9	91412	20
9	114308	21
9	147615	22
9	115664	23
9	60999	24
9	95943	25
9	134363	26
9	121987	27
9	75581	28
9	101070	29
9	155591	30
9	123951	31
9	50385	32
9	109068	33
9	114733	34
9	107888	35
9	95322	36
9	71809	37
9	51525	38
9	71928	39
9	147105	40
9	111747	41
9	93152	42
9	52861	43
9	121913	44
9	151727	45
9	88874	46
9	114332	47
9	69831	48
9	68715	49
9	109656	50
9	169646	51
9	94776	52
9	168254	53
9	70516	54
9	121750	55
9	125135	56
9	107394	57
9	50943	58
9	97451	59
9	71596	60
9	96916	61
9	123191	62
9	113293	63
9	142357	64
9	103419	65
9	117554	66
9	170335	67
9	111702	68
9	129565	69
9	38355	70
9	167132	71
9	157856	72
9	67486	73
9	131461	74
9	74894	75
9	170907	76
9	97987	77
9	152134	78
9	46651	79
9	51541	80
9	50435	81
9	56170	82
9	111799	83
9	158380	84
9	139937	85
9	42317	86
9	121500	87
9	100836	88
9	66171	89
9	104144	90
9	103861	91
9	84344	92
9	68189	93
9	134390	94
9	102035	95
9	89424	96
9	116007	97
9	149334	98
9	59805	99
9	92450	100
10	97000	1
10	89941	2
10	69048	3
10	71169	4
10	67437	5
10	69740	6
10	142636	7
10	113391	8
10	107304	9
10	69638	10
10	108486	11
10	158809	12
10	74158	13
10	161158	14
10	122162	15
10	129897	16
10	91464	17
10	91474	18
10	67657	19
10	106478	20
10	141066	21
10	49858	22
10	91866	23
10	73197	24
10	117951	25
10	127927	26
10	71963	27
10	59012	28
10	69331	29
10	89535	30
10	74429	31
10	95747	32
10	158063	33
10	70030	34
10	106477	35
10	29104	36
10	151989	37
10	57468	38
10	68905	39
10	112848	40
10	94894	41
10	92668	42
10	90590	43
10	75602	44
10	92612	45
10	38008	46
10	96651	47
10	93537	48
10	33101	49
10	164414	50
10	71526	51
10	74927	52
10	69123	53
10	99799	54
10	148989	55
10	72735	56
10	114395	57
10	67482	58
10	89004	59
10	73800	60
10	67703	61
10	72349	62
10	74469	63
10	133249	64
10	121818	65
10	115387	66
10	67614	67
10	68240	68
10	76354	69
10	72692	70
10	75969	71
10	143452	72
10	100987	73
10	68519	74
10	114645	75
10	73953	76
10	131103	77
10	100979	78
10	68006	79
10	70054	80
10	103278	81
10	68555	82
10	22279	83
10	73126	84
10	96726	85
10	75635	86
10	74403	87
10	25324	88
10	169911	89
10	75720	90
10	71884	91
10	94052	92
10	131475	93
10	74279	94
10	71650	95
10	90074	96
10	115456	97
10	67477	98
10	110682	99
10	112306	100
11	115922	1
11	139325	2
11	88966	3
11	92231	4
11	156806	5
11	94966	6
11	141534	7
11	97667	8
11	144838	9
11	39206	10
11	119528	11
11	93939	12
11	154886	13
11	135089	14
11	105766	15
11	55563	16
11	31292	17
11	118518	18
11	111298	19
11	70417	20
11	114713	21
11	110499	22
11	49014	23
11	78697	24
11	76647	25
11	113009	26
11	115758	27
11	64570	28
11	54645	29
11	97541	30
11	84358	31
11	91174	32
11	155096	33
11	96052	34
11	110896	35
11	94418	36
11	78593	37
11	99738	38
11	137587	39
11	105329	40
11	118577	41
11	133601	42
11	119393	43
11	90111	44
11	139824	45
11	48501	46
11	111920	47
11	51920	48
11	126513	49
11	118875	50
11	65569	51
11	92120	52
11	36572	53
11	79469	54
11	112181	55
11	127123	56
11	95476	57
11	52130	58
11	108698	59
11	101332	60
11	119004	61
11	102643	62
11	116546	63
11	116587	64
11	105017	65
11	62120	66
11	99226	67
11	39946	68
11	90834	69
11	108234	70
11	149779	71
11	44255	72
11	106715	73
11	89812	74
11	103587	75
11	113033	76
11	115604	77
11	57109	78
11	45220	79
11	97795	80
11	98789	81
11	53251	82
11	96713	83
11	89137	84
11	46347	85
11	67044	86
11	98671	87
11	162245	88
11	106092	89
11	110221	90
11	109247	91
11	108802	92
11	152061	93
11	44664	94
11	114874	95
11	72186	96
11	129843	97
11	66289	98
11	156069	99
11	119927	100
12	1059	1
12	116992	2
12	13518	3
12	59048	4
12	27513	5
12	68862	6
12	167733	7
12	162572	8
12	35333	9
12	130867	10
12	54526	11
12	111156	12
12	81607	13
12	165158	14
12	94496	15
12	158006	16
12	62389	17
12	79506	18
12	86345	19
12	139515	20
12	34113	21
12	128474	22
12	28419	23
12	15144	24
12	33028	25
12	93496	26
12	100843	27
12	92601	28
12	164072	29
12	98598	30
12	110327	31
12	132028	32
12	102055	33
12	113427	34
12	139344	35
12	116499	36
12	82418	37
12	139661	38
12	81094	39
12	157056	40
12	112364	41
12	164782	42
12	129208	43
12	68584	44
12	135378	45
12	74167	46
12	151442	47
12	142782	48
12	98906	49
12	51290	50
12	93200	51
12	132091	52
12	87425	53
12	162093	54
12	106416	55
12	112040	56
12	102970	57
12	125685	58
12	81759	59
12	117977	60
12	4797	61
12	159231	62
12	4310	63
12	90882	64
12	41514	65
12	75333	66
12	154714	67
12	151763	68
12	21111	69
12	110472	70
12	134199	71
12	32840	72
12	89243	73
12	34803	74
12	64899	75
12	5185	76
12	46941	77
12	12808	78
12	123946	79
12	92359	80
12	28714	81
12	77414	82
12	134876	83
12	94041	84
12	34214	85
12	121579	86
12	148115	87
12	121302	88
12	9385	89
12	54614	90
12	165049	91
12	27726	92
12	152611	93
12	144675	94
12	24536	95
12	22924	96
12	92053	97
12	49514	98
12	70116	99
12	39179	100
13	108962	1
13	42570	2
13	100467	3
13	92538	4
13	131127	5
13	101440	6
13	146010	7
13	116564	8
13	62148	9
13	76005	10
13	67560	11
13	159602	12
13	118226	13
13	133776	14
13	164603	15
13	89233	16
13	112839	17
13	77201	18
13	170335	19
13	70084	20
13	81020	21
13	100504	22
13	168009	23
13	112334	24
13	68151	25
13	110124	26
13	141512	27
13	95387	28
13	37817	29
13	107284	30
13	67940	31
13	92234	32
13	96499	33
13	106297	34
13	163135	35
13	36474	36
13	112931	37
13	67770	38
13	144332	39
13	61562	40
13	123576	41
13	116086	42
13	71456	43
13	118319	44
13	96611	45
13	131517	46
13	167857	47
13	76191	48
13	72663	49
13	132264	50
13	67368	51
13	116987	52
13	86709	53
13	97925	54
13	70417	55
13	21040	56
13	117979	57
13	104251	58
13	7203	59
13	55065	60
13	125040	61
13	111124	62
13	168372	63
13	113370	64
13	70913	65
13	129654	66
13	107127	67
13	165956	68
13	106743	69
13	151245	70
13	103480	71
13	75432	72
13	102862	73
13	33425	74
13	171323	75
13	162163	76
13	170913	77
13	128875	78
13	163348	79
13	138340	80
13	95845	81
13	147986	82
13	168951	83
13	115004	84
13	167556	85
13	155211	86
13	59894	87
13	100459	88
13	73981	89
13	84422	90
13	131221	91
13	141069	92
13	103813	93
13	166658	94
13	113286	95
13	96076	96
13	142244	97
13	138937	98
13	161132	99
13	156084	100
14	111450	1
14	121192	2
14	117631	3
14	63445	4
14	67775	5
14	134412	6
14	110179	7
14	63181	8
14	104880	9
14	51752	10
14	97304	11
14	95605	12
14	118455	13
14	155294	14
14	118433	15
14	73234	16
14	89067	17
14	64397	18
14	50955	19
14	68463	20
14	110965	21
14	90793	22
14	69769	23
14	95534	24
14	153759	25
14	98032	26
14	136696	27
14	63301	28
14	25675	29
14	100993	30
14	75026	31
14	72163	32
14	134568	33
14	109662	34
14	114119	35
14	103773	36
14	67120	37
14	70897	38
14	98207	39
14	107409	40
14	73494	41
14	142938	42
14	56726	43
14	21704	44
14	26080	45
14	107763	46
14	152860	47
14	90897	48
14	111707	49
14	73480	50
14	81533	51
14	118729	52
14	156073	53
14	77937	54
14	126555	55
14	103811	56
14	102052	57
14	165370	58
14	115741	59
14	99166	60
14	119345	61
14	76644	62
14	158171	63
14	74815	64
14	148716	65
14	69488	66
14	68021	67
14	113679	68
14	108436	69
14	109567	70
14	95839	71
14	136771	72
14	67102	73
14	50192	74
14	162394	75
14	136138	76
14	100727	77
14	118036	78
14	159302	79
14	75979	80
14	142483	81
14	48357	82
14	132531	83
14	135848	84
14	60279	85
14	58533	86
14	75937	87
14	118397	88
14	72790	89
14	65504	90
14	160737	91
14	89114	92
14	64786	93
14	121997	94
14	33623	95
14	45959	96
14	119005	97
14	101504	98
14	105380	99
14	102788	100
15	159812	1
15	121095	2
15	91205	3
15	125626	4
15	137764	5
15	114055	6
15	143527	7
15	160326	8
15	108813	9
15	29694	10
15	113289	11
15	170673	12
15	74422	13
15	71756	14
15	147855	15
15	102116	16
15	12693	17
15	141116	18
15	106765	19
15	144529	20
15	72390	21
15	67141	22
15	145292	23
15	113548	24
15	132616	25
15	68719	26
15	72927	27
15	69482	28
15	73711	29
15	94889	30
15	90206	31
15	140630	32
15	142853	33
15	75175	34
15	155359	35
15	163078	36
15	169595	37
15	94334	38
15	48500	39
15	119254	40
15	65392	41
15	117660	42
15	83407	43
15	149378	44
15	99538	45
15	94040	46
15	75264	47
15	147741	48
15	124883	49
15	58280	50
15	71474	51
15	125648	52
15	128883	53
15	85041	54
15	157964	55
15	75930	56
15	135205	57
15	141326	58
15	90351	59
15	164603	60
15	89233	61
15	74016	62
15	120491	63
15	103032	64
15	149189	65
15	83719	66
15	113509	67
15	168236	68
15	66990	69
15	73640	70
15	126034	71
15	109223	72
15	132784	73
15	70448	74
15	141322	75
15	58027	76
15	164546	77
15	74832	78
15	36824	79
15	57341	80
15	167467	81
15	58340	82
15	74319	83
15	113260	84
15	42825	85
15	112729	86
15	108387	87
15	148842	88
15	39490	89
15	111201	90
15	113116	91
15	93255	92
15	73789	93
15	133017	94
15	141836	95
15	72946	96
15	170348	97
15	109909	98
15	143570	99
15	77463	100
16	125626	1
16	91205	2
16	125648	3
16	48500	4
16	170673	5
16	75175	6
16	83407	7
16	144587	8
16	167467	9
16	69849	10
16	141326	11
16	144332	12
16	139490	13
16	107036	14
16	134266	15
16	113457	16
16	58280	17
16	71353	18
16	12693	19
16	94334	20
16	170348	21
16	164603	22
16	89233	23
16	169202	24
16	35148	25
16	65392	26
16	70142	27
16	150643	28
16	124883	29
16	158921	30
16	73218	31
16	114814	32
16	119762	33
16	138807	34
16	122286	35
16	51423	36
16	107789	37
16	129676	38
16	126034	39
16	69482	40
16	152954	41
16	105764	42
16	26881	43
16	121368	44
16	159812	45
16	159979	46
16	59907	47
16	136581	48
16	87827	49
16	92434	50
16	155630	51
16	90996	52
16	90871	53
16	77525	54
16	73632	55
16	90872	56
16	68285	57
16	70448	58
16	101341	59
16	147157	60
16	72046	61
16	126640	62
16	113116	63
16	30831	64
16	82939	65
16	79698	66
16	43618	67
16	73640	68
16	87555	69
16	139907	70
16	73981	71
16	100455	72
16	97897	73
16	112751	74
16	70808	75
16	79051	76
16	108777	77
16	112458	78
16	29694	79
16	145616	80
16	96688	81
16	113509	82
16	58340	83
16	102871	84
16	123744	85
16	86354	86
16	78545	87
16	122384	88
16	105933	89
16	49212	90
16	85896	91
16	166060	92
16	52566	93
16	114406	94
16	69725	95
16	162995	96
16	96336	97
16	124575	98
16	120094	99
16	114407	100
17	74370	1
17	74550	2
17	120734	3
17	27687	4
17	121062	5
17	74238	6
17	88429	7
17	149908	8
17	87655	9
17	142575	10
17	96952	11
17	21880	12
17	142649	13
17	165000	14
17	127286	15
17	106197	16
17	121975	17
17	116651	18
17	105811	19
17	8167	20
17	89159	21
17	136159	22
17	70454	23
17	56474	24
17	167193	25
17	111794	26
17	90834	27
17	91654	28
17	170234	29
17	112031	30
17	67100	31
17	112681	32
17	115902	33
17	71577	34
17	160420	35
17	91794	36
17	70276	37
17	67532	38
17	94863	39
17	101589	40
17	145038	41
17	128956	42
17	37693	43
17	139824	44
17	104639	45
17	144193	46
17	162814	47
17	105119	48
17	47622	49
17	77349	50
17	81872	51
17	70298	52
17	149112	53
17	89766	54
17	104674	55
17	104979	56
17	141649	57
17	13060	58
17	137046	59
17	95344	60
17	36439	61
17	69537	62
17	92393	63
17	73200	64
17	107824	65
17	76241	66
17	121602	67
17	163548	68
17	57109	69
17	170868	70
17	93896	71
17	116605	72
17	147625	73
17	148407	74
17	137857	75
17	154667	76
17	159999	77
17	106702	78
17	72771	79
17	91901	80
17	144549	81
17	102240	82
17	145424	83
17	144383	84
17	98339	85
17	126487	86
17	152510	87
17	48294	88
17	168669	89
17	69904	90
17	128624	91
17	103054	92
17	75747	93
17	169611	94
17	130408	95
17	33136	96
17	63535	97
17	128628	98
17	29289	99
17	89679	100
18	158582	1
18	31097	2
18	111968	3
18	105564	4
18	168632	5
18	126412	6
18	90388	7
18	100533	8
18	103334	9
18	45794	10
18	102102	11
18	44552	12
18	103141	13
18	119878	14
18	135697	15
18	102732	16
18	97807	17
18	139449	18
18	39395	19
18	27038	20
18	91666	21
18	87947	22
18	74804	23
18	106699	24
18	95845	25
18	91938	26
18	68073	27
18	71321	28
18	136571	29
18	107441	30
18	110234	31
18	118125	32
18	61025	33
18	76294	34
18	97546	35
18	32260	36
18	72649	37
18	99122	38
18	168951	39
18	117292	40
18	92016	41
18	132122	42
18	55859	43
18	56733	44
18	81393	45
18	113151	46
18	145912	47
18	103480	48
18	151245	49
18	115689	50
18	103106	51
18	111531	52
18	55129	53
18	91031	54
18	97856	55
18	75144	56
18	165105	57
18	133643	58
18	166291	59
18	102323	60
18	52605	61
18	115660	62
18	90972	63
18	116711	64
18	127411	65
18	108823	66
18	112233	67
18	100842	68
18	135586	69
18	114522	70
18	141776	71
18	167593	72
18	90677	73
18	69554	74
18	116750	75
18	101703	76
18	96983	77
18	70785	78
18	110739	79
18	91620	80
18	100369	81
18	62334	82
18	143419	83
18	108816	84
18	108815	85
18	103892	86
18	91748	87
18	141976	88
18	92648	89
18	159095	90
18	126582	91
18	153886	92
18	111508	93
18	78087	94
18	151005	95
18	70911	96
18	101598	97
18	23422	98
18	113855	99
18	136985	100
19	120756	1
19	36709	2
19	75265	3
19	120275	4
19	146345	5
19	108967	6
19	60900	7
19	44552	8
19	102102	9
19	91959	10
19	159541	11
19	164213	12
19	95624	13
19	83585	14
19	126412	15
19	81393	16
19	169712	17
19	128084	18
19	117748	19
19	108018	20
19	63578	21
19	108377	22
19	105385	23
19	27038	24
19	127517	25
19	130567	26
19	87947	27
19	146080	28
19	141963	29
19	100172	30
19	31097	31
19	54743	32
19	155336	33
19	118531	34
19	25826	35
19	95974	36
19	89141	37
19	70999	38
19	101598	39
19	155294	40
19	68083	41
19	92233	42
19	93405	43
19	113416	44
19	39377	45
19	171206	46
19	97434	47
19	144067	48
19	101183	49
19	119854	50
19	88147	51
19	66190	52
19	149376	53
19	129845	54
19	120349	55
19	25828	56
19	103334	57
19	111968	58
19	97787	59
19	103247	60
19	144220	61
19	26778	62
19	33453	63
19	76269	64
19	91620	65
19	104407	66
19	87741	67
19	132924	68
19	132386	69
19	97771	70
19	166351	71
19	105564	72
19	99562	73
19	146446	74
19	78087	75
19	75435	76
19	107823	77
19	169338	78
19	106983	79
19	110922	80
19	74367	81
19	96881	82
19	163673	83
19	158582	84
19	40982	85
19	90999	86
19	103056	87
19	120480	88
19	124343	89
19	74326	90
19	152965	91
19	125291	92
19	91825	93
19	114490	94
19	141576	95
19	111701	96
19	113481	97
19	30140	98
19	164521	99
19	164808	100
20	155573	1
20	84458	2
20	111220	3
20	132735	4
20	76218	5
20	101973	6
20	73884	7
20	97947	8
20	128894	9
20	99531	10
20	90793	11
20	75698	12
20	58558	13
20	71137	14
20	67835	15
20	149943	16
20	119622	17
20	154122	18
20	69581	19
20	55258	20
20	69657	21
20	68940	22
20	62785	23
20	145883	24
20	99392	25
20	106989	26
20	106135	27
20	139533	28
20	111033	29
20	157416	30
20	103500	31
20	68178	32
20	108448	33
20	49432	34
20	117074	35
20	101815	36
20	70806	37
20	109231	38
20	99476	39
20	163092	40
20	113406	41
20	72131	42
20	138597	43
20	98058	44
20	125024	45
20	103160	46
20	107143	47
20	39683	48
20	158284	49
20	58202	50
20	45434	51
20	155719	52
20	88492	53
20	71529	54
20	112146	55
20	142573	56
20	106868	57
20	102839	58
20	80808	59
20	73825	60
20	65592	61
20	135650	62
20	164709	63
20	126836	64
20	91398	65
20	99865	66
20	129820	67
20	90024	68
20	75617	69
20	119465	70
20	116610	71
20	96920	72
20	110712	73
20	135803	74
20	95265	75
20	88681	76
20	165941	77
20	133101	78
20	121727	79
20	152763	80
20	145317	81
20	75878	82
20	96297	83
20	100622	84
20	153652	85
20	97007	86
20	27986	87
20	71603	88
20	37542	89
20	96749	90
20	109786	91
20	117863	92
20	98897	93
20	117137	94
20	75820	95
20	121497	96
20	90270	97
20	30077	98
20	92427	99
20	72030	100
21	41724	1
21	74570	2
21	171028	3
21	156289	4
21	3775	5
21	1148	6
21	2121	7
21	68445	8
21	142738	9
21	67205	10
21	69803	11
21	134698	12
21	160400	13
21	130333	14
21	32553	15
21	92251	16
21	122183	17
21	105034	18
21	48128	19
21	12008	20
21	69326	21
21	41043	22
21	70974	23
21	168532	24
21	70104	25
21	168762	26
21	80173	27
21	148921	28
21	107983	29
21	69872	30
21	129255	31
21	73677	32
21	30432	33
21	83457	34
21	54109	35
21	1067	36
21	159195	37
21	143310	38
21	119799	39
21	84068	40
21	70548	41
21	158570	42
21	147865	43
21	139700	44
21	69499	45
21	13761	46
21	49150	47
21	122187	48
21	113969	49
21	155607	50
21	77833	51
21	46407	52
21	40075	53
21	12013	54
21	130206	55
21	17007	56
21	87095	57
21	152613	58
21	73728	59
21	75178	60
21	165101	61
21	67419	62
21	109592	63
21	38760	64
21	77040	65
21	99378	66
21	71509	67
21	42215	68
21	83189	69
21	103641	70
21	97024	71
21	6373	72
21	100452	73
21	976	74
21	59724	75
21	96585	76
21	69468	77
21	75473	78
21	145327	79
21	76028	80
21	36720	81
21	38483	82
21	67447	83
21	81283	84
21	35600	85
21	150118	86
21	72829	87
21	105107	88
21	160666	89
21	68098	90
21	166702	91
21	68293	92
21	126194	93
21	78659	94
21	72210	95
21	72795	96
21	67883	97
21	107581	98
21	11929	99
21	64627	100
22	94624	1
22	35736	2
22	153639	3
22	139274	4
22	105927	5
22	109769	6
22	165694	7
22	98144	8
22	70371	9
22	106612	10
22	95884	11
22	147667	12
22	105650	13
22	74235	14
22	114382	15
22	117572	16
22	118863	17
22	26568	18
22	113007	19
22	102140	20
22	165652	21
22	105053	22
22	29989	23
22	158625	24
22	114899	25
22	90204	26
22	69949	27
22	156148	28
22	101560	29
22	100286	30
22	104362	31
22	82283	32
22	165603	33
22	111511	34
22	94809	35
22	84559	36
22	88962	37
22	108827	38
22	100531	39
22	136314	40
22	91653	41
22	109851	42
22	144326	43
22	55856	44
22	147566	45
22	158503	46
22	95545	47
22	64949	48
22	36660	49
22	119441	50
22	65929	51
22	33075	52
22	108719	53
22	89438	54
22	103578	55
22	112564	56
22	169017	57
22	113678	58
22	139247	59
22	26582	60
22	117370	61
22	151654	62
22	40809	63
22	92645	64
22	135010	65
22	95577	66
22	98991	67
22	87824	68
22	117375	69
22	110848	70
22	108682	71
22	107330	72
22	95995	73
22	21879	74
22	27825	75
22	88131	76
22	88538	77
22	166172	78
22	29873	79
22	90854	80
22	90109	81
22	119260	82
22	75999	83
22	100772	84
22	30776	85
22	106194	86
22	89113	87
22	114652	88
22	87680	89
22	105915	90
22	124321	91
22	103057	92
22	115239	93
22	68275	94
22	117675	95
22	49496	96
22	110591	97
22	37376	98
22	158397	99
22	158410	100
23	106612	1
23	100507	2
23	149863	3
23	109939	4
23	84559	5
23	95884	6
23	111511	7
23	163709	8
23	113007	9
23	65929	10
23	143933	11
23	161840	12
23	114382	13
23	144911	14
23	26568	15
23	70130	16
23	107173	17
23	154535	18
23	165220	19
23	75468	20
23	116574	21
23	68081	22
23	100343	23
23	136314	24
23	138674	25
23	94624	26
23	109851	27
23	96163	28
23	97969	29
23	107330	30
23	152964	31
23	98058	32
23	169513	33
23	104670	34
23	119175	35
23	108450	36
23	155719	37
23	39683	38
23	168860	39
23	105117	40
23	48233	41
23	88962	42
23	152860	43
23	102369	44
23	48357	45
23	59008	46
23	101973	47
23	88012	48
23	67256	49
23	120133	50
23	128894	51
23	87438	52
23	148189	53
23	44881	54
23	116789	55
23	153639	56
23	64372	57
23	105053	58
23	69771	59
23	95995	60
23	99323	61
23	162225	62
23	96454	63
23	71123	64
23	100286	65
23	73429	66
23	95059	67
23	109116	68
23	69949	69
23	65592	70
23	74235	71
23	92269	72
23	96182	73
23	105915	74
23	158503	75
23	151033	76
23	133286	77
23	142477	78
23	126836	79
23	91398	80
23	101358	81
23	33075	82
23	109769	83
23	99365	84
23	124029	85
23	157199	86
23	87744	87
23	169810	88
23	98474	89
23	132250	90
23	120088	91
23	101560	92
23	92403	93
23	105650	94
23	91135	95
23	168101	96
23	112550	97
23	120549	98
23	144872	99
23	117375	100
24	165220	1
24	112366	2
24	137143	3
24	104036	4
24	125367	5
24	123176	6
24	51033	7
24	107442	8
24	101417	9
24	147958	10
24	108436	11
24	103465	12
24	106067	13
24	126042	14
24	154557	15
24	100507	16
24	153676	17
24	143933	18
24	108086	19
24	167548	20
24	148058	21
24	131843	22
24	107025	23
24	145482	24
24	123137	25
24	114533	26
24	162062	27
24	26568	28
24	119796	29
24	86614	30
24	168555	31
24	108632	32
24	163709	33
24	149863	34
24	93323	35
24	170954	36
24	118517	37
24	84559	38
24	117699	39
24	111511	40
24	33926	41
24	26515	42
24	59449	43
24	153230	44
24	96217	45
24	114422	46
24	97641	47
24	163154	48
24	104548	49
24	144166	50
24	117487	51
24	150648	52
24	104670	53
24	93086	54
24	31311	55
24	142513	56
24	96882	57
24	33623	58
24	157762	59
24	106612	60
24	102388	61
24	120564	62
24	105685	63
24	138674	64
24	161870	65
24	120871	66
24	165113	67
24	93084	68
24	90927	69
24	120133	70
24	170237	71
24	105053	72
24	92785	73
24	143743	74
24	102606	75
24	45434	76
24	107206	77
24	48233	78
24	155698	79
24	107330	80
24	105117	81
24	109116	82
24	138590	83
24	116574	84
24	71123	85
24	102839	86
24	114577	87
24	33621	88
24	96454	89
24	116789	90
24	95738	91
24	100286	92
24	118788	93
24	98140	94
24	70790	95
24	94624	96
24	92291	97
24	152192	98
24	68081	99
24	157096	100
25	69001	1
25	146663	2
25	96180	3
25	125612	4
25	31343	5
25	118427	6
25	170123	7
25	38759	8
25	106805	9
25	110602	10
25	65728	11
25	64360	12
25	119509	13
25	54762	14
25	97279	15
25	115897	16
25	120363	17
25	130662	18
25	74016	19
25	42933	20
25	70338	21
25	62130	22
25	166656	23
25	119691	24
25	95100	25
25	144668	26
25	104080	27
25	105507	28
25	116817	29
25	100763	30
25	131480	31
25	64860	32
25	119291	33
25	69671	34
25	125439	35
25	62249	36
25	94594	37
25	116643	38
25	72833	39
25	76200	40
25	90888	41
25	50719	42
25	167825	43
25	148380	44
25	71290	45
25	75405	46
25	91042	47
25	164130	48
25	109234	49
25	116818	50
25	158100	51
25	116816	52
25	130994	53
25	39864	54
25	91670	55
25	101595	56
25	44893	57
25	75782	58
25	70113	59
25	152198	60
25	100399	61
25	69046	62
25	98214	63
25	155361	64
25	31819	65
25	158927	66
25	107201	67
25	75516	68
25	101062	69
25	102384	70
25	102385	71
25	91737	72
25	134739	73
25	134341	74
25	119733	75
25	67831	76
25	121141	77
25	74613	78
25	123475	79
25	115621	80
25	131550	81
25	31193	82
25	130780	83
25	100739	84
25	96595	85
25	98272	86
25	116661	87
25	32946	88
25	89180	89
25	126312	90
25	129533	91
25	164949	92
25	34500	93
25	142569	94
25	133636	95
25	106386	96
25	115409	97
25	87800	98
25	166082	99
25	129655	100
26	166636	1
26	95146	2
26	141345	3
26	114718	4
26	56434	5
26	140214	6
26	115939	7
26	92958	8
26	102778	9
26	91414	10
26	31498	11
26	106426	12
26	120253	13
26	109902	14
26	116329	15
26	106508	16
26	119012	17
26	98240	18
26	143191	19
26	110569	20
26	45369	21
26	111394	22
26	95259	23
26	39998	24
26	31170	25
26	117768	26
26	169635	27
26	119542	28
26	110003	29
26	98328	30
26	49894	31
26	92644	32
26	82184	33
26	102293	34
26	49784	35
26	161184	36
26	75709	37
26	55698	38
26	88446	39
26	170335	40
26	64311	41
26	25671	42
26	141367	43
26	104320	44
26	33067	45
26	153993	46
26	129509	47
26	85216	48
26	104011	49
26	99632	50
26	168355	51
26	119111	52
26	157641	53
26	94872	54
26	27705	55
26	120336	56
26	140557	57
26	123282	58
26	120273	59
26	69520	60
26	133063	61
26	56762	62
26	112715	63
26	114428	64
26	113580	65
26	113456	66
26	157982	67
26	115551	68
26	163609	69
26	96647	70
26	114227	71
26	144720	72
26	57319	73
26	171179	74
26	65231	75
26	119383	76
26	115066	77
26	89781	78
26	116724	79
26	69373	80
26	29401	81
26	38007	82
26	94423	83
26	112259	84
26	86676	85
26	63605	86
26	112522	87
26	81141	88
26	113338	89
26	104735	90
26	27795	91
26	120462	92
26	95948	93
26	94327	94
26	76387	95
26	113897	96
26	35806	97
26	118468	98
26	168745	99
26	154482	100
27	165630	1
27	117247	2
27	68687	3
27	154587	4
27	102902	5
27	107316	6
27	113774	7
27	59540	8
27	74553	9
27	156109	10
27	159628	11
27	58351	12
27	91501	13
27	73696	14
27	114486	15
27	135562	16
27	101429	17
27	70536	18
27	169712	19
27	133177	20
27	105122	21
27	108018	22
27	161545	23
27	76652	24
27	98900	25
27	98410	26
27	108343	27
27	72523	28
27	141161	29
27	81210	30
27	11799	31
27	32442	32
27	108908	33
27	115398	34
27	80521	35
27	156686	36
27	67807	37
27	130185	38
27	123962	39
27	74924	40
27	154264	41
27	148856	42
27	148927	43
27	75031	44
27	111755	45
27	105650	46
27	79584	47
27	117786	48
27	62851	49
27	120824	50
27	40980	51
27	50538	52
27	99146	53
27	98003	54
27	127464	55
27	127719	56
27	35806	57
27	85831	58
27	50797	59
27	168425	60
27	157700	61
27	103651	62
27	161022	63
27	100274	64
27	157641	65
27	119474	66
27	72414	67
27	142024	68
27	130593	69
27	104269	70
27	103412	71
27	140080	72
27	126804	73
27	108888	74
27	154981	75
27	95488	76
27	52041	77
27	116789	78
27	57584	79
27	112582	80
27	27774	81
27	72931	82
27	96006	83
27	109414	84
27	163033	85
27	111575	86
27	104290	87
27	128093	88
27	88991	89
27	124176	90
27	96238	91
27	129057	92
27	98939	93
27	45517	94
27	140670	95
27	105894	96
27	36588	97
27	131289	98
27	88499	99
27	47158	100
28	89174	1
28	44800	2
28	75747	3
28	50361	4
28	106895	5
28	104779	6
28	86339	7
28	116838	8
28	104821	9
28	165502	10
28	83623	11
28	47855	12
28	105356	13
28	48525	14
28	73114	15
28	158343	16
28	164045	17
28	25585	18
28	96609	19
28	88081	20
28	116254	21
28	94075	22
28	89936	23
28	102416	24
28	141498	25
28	68492	26
28	61780	27
28	116794	28
28	29626	29
28	62429	30
28	75230	31
28	148203	32
28	90228	33
28	50814	34
28	107280	35
28	147266	36
28	111673	37
28	99156	38
28	133982	39
28	100210	40
28	23770	41
28	105545	42
28	150731	43
28	44930	44
28	95159	45
28	69513	46
28	72117	47
28	115171	48
28	57090	49
28	148708	50
28	97093	51
28	139786	52
28	132566	53
28	133813	54
28	170436	55
28	112526	56
28	93174	57
28	117711	58
28	111468	59
28	165231	60
28	115975	61
28	148131	62
28	75553	63
28	61436	64
28	106197	65
28	118968	66
28	113624	67
28	76142	68
28	115779	69
28	87722	70
28	171148	71
28	132081	72
28	106604	73
28	169938	74
28	26752	75
28	129145	76
28	158799	77
28	35511	78
28	116993	79
28	97016	80
28	47637	81
28	69879	82
28	99463	83
28	76103	84
28	104653	85
28	147463	86
28	141063	87
28	21880	88
28	99101	89
28	151534	90
28	104652	91
28	73437	92
28	145075	93
28	54054	94
28	55462	95
28	142580	96
28	68481	97
28	72546	98
28	132987	99
28	36031	100
29	120951	1
29	37804	2
29	96487	3
29	95630	4
29	114455	5
29	161213	6
29	93773	7
29	163360	8
29	114346	9
29	153551	10
29	162260	11
29	96185	12
29	96473	13
29	25685	14
29	57938	15
29	112663	16
29	25686	17
29	106968	18
29	156938	19
29	73754	20
29	117873	21
29	146743	22
29	152386	23
29	119185	24
29	108459	25
29	52185	26
29	152502	27
29	110821	28
29	55014	29
29	105180	30
29	92937	31
29	122528	32
29	72621	33
29	44368	34
29	141983	35
29	31876	36
29	160213	37
29	69659	38
29	68003	39
29	102406	40
29	143688	41
29	111479	42
29	68529	43
29	103747	44
29	113865	45
29	66839	46
29	73230	47
29	55809	48
29	164567	49
29	96792	50
29	132101	51
29	158281	52
29	113499	53
29	75338	54
29	73887	55
29	68012	56
29	67586	57
29	72866	58
29	41190	59
29	114750	60
29	92393	61
29	47728	62
29	67628	63
29	171069	64
29	104706	65
29	122431	66
29	93725	67
29	75637	68
29	155843	69
29	107103	70
29	70720	71
29	89088	72
29	72755	73
29	96676	74
29	110785	75
29	118021	76
29	162947	77
29	2608	78
29	142626	79
29	71643	80
29	144400	81
29	148142	82
29	118127	83
29	167288	84
29	163688	85
29	163461	86
29	116856	87
29	124116	88
29	133048	89
29	35429	90
29	148197	91
29	94551	92
29	101049	93
29	140076	94
29	89972	95
29	163679	96
29	101787	97
29	151395	98
29	171276	99
29	98689	100
30	40609	1
30	98834	2
30	50814	3
30	107280	4
30	167508	5
30	90999	6
30	120707	7
30	46656	8
30	40211	9
30	72645	10
30	103867	11
30	106572	12
30	70625	13
30	132963	14
30	112864	15
30	138090	16
30	107040	17
30	143765	18
30	98255	19
30	108090	20
30	170516	21
30	105243	22
30	23770	23
30	91967	24
30	164799	25
30	58732	26
30	51760	27
30	164047	28
30	164808	29
30	103112	30
30	68568	31
30	159095	32
30	130592	33
30	106197	34
30	73188	35
30	139479	36
30	127286	37
30	93434	38
30	116700	39
30	71857	40
30	148407	41
30	70205	42
30	98928	43
30	117552	44
30	40728	45
30	100694	46
30	42865	47
30	120618	48
30	101553	49
30	89487	50
30	127449	51
30	29042	52
30	29280	53
30	104685	54
30	101544	55
30	68815	56
30	143858	57
30	95517	58
30	89669	59
30	132978	60
30	91078	61
30	68280	62
30	121439	63
30	115788	64
30	74174	65
30	27136	66
30	118706	67
30	141924	68
30	157091	69
30	91779	70
30	156908	71
30	128572	72
30	91251	73
30	133551	74
30	142932	75
30	41035	76
30	108349	77
30	102276	78
30	100595	79
30	70386	80
30	60712	81
30	99197	82
30	121975	83
30	93445	84
30	147198	85
30	87470	86
30	115455	87
30	92412	88
30	95546	89
30	36661	90
30	93464	91
30	100883	92
30	72881	93
30	76836	94
30	76160	95
30	164988	96
30	104323	97
30	91984	98
30	24780	99
30	162753	100
31	111718	1
31	137345	2
31	102747	3
31	10481	4
31	101715	5
31	82201	6
31	54398	7
31	51748	8
31	139265	9
31	108077	10
31	158530	11
31	14084	12
31	94882	13
31	110303	14
31	68351	15
31	124152	16
31	73387	17
31	159666	18
31	133600	19
31	102370	20
31	155971	21
31	162231	22
31	145441	23
31	147883	24
31	103943	25
31	92087	26
31	132106	27
31	71251	28
31	153086	29
31	67560	30
31	151926	31
31	138127	32
31	35122	33
31	96453	34
31	69060	35
31	93622	36
31	170460	37
31	34271	38
31	90400	39
31	7927	40
31	130773	41
31	92265	42
31	130038	43
31	123002	44
31	118277	45
31	85707	46
31	151334	47
31	137169	48
31	65659	49
31	69281	50
31	161438	51
31	158348	52
31	84867	53
31	132507	54
31	167683	55
31	1976	56
31	80731	57
31	78195	58
31	44968	59
31	136476	60
31	59500	61
31	72799	62
31	97858	63
31	168244	64
31	52552	65
31	145049	66
31	142177	67
31	108772	68
31	68666	69
31	74190	70
31	152715	71
31	39455	72
31	39575	73
31	120912	74
31	129156	75
31	93712	76
31	12001	77
31	130043	78
31	127947	79
31	151796	80
31	12012	81
31	149780	82
31	101068	83
31	115958	84
31	147301	85
31	114098	86
31	75679	87
31	129361	88
31	144306	89
31	66593	90
31	106283	91
31	146414	92
31	72831	93
31	122898	94
31	157552	95
31	42489	96
31	100664	97
31	146203	98
31	26660	99
31	147864	100
32	75494	1
32	124623	2
32	75257	3
32	156756	4
32	151531	5
32	72536	6
32	131468	7
32	70470	8
32	138695	9
32	158133	10
32	132531	11
32	103182	12
32	81629	13
32	74620	14
32	106357	15
32	74260	16
32	156580	17
32	68032	18
32	75278	19
32	100386	20
32	101494	21
32	148467	22
32	158960	23
32	126550	24
32	101804	25
32	120915	26
32	80982	27
32	134338	28
32	69334	29
32	39869	30
32	70546	31
32	117347	32
32	113946	33
32	88138	34
32	152209	35
32	141056	36
32	137997	37
32	109414	38
32	72118	39
32	67546	40
32	74398	41
32	73771	42
32	71069	43
32	112712	44
32	82270	45
32	70903	46
32	21267	47
32	125761	48
32	59468	49
32	69786	50
32	163379	51
32	126394	52
32	70772	53
32	70931	54
32	154574	55
32	75521	56
32	164226	57
32	69999	58
32	126620	59
32	68290	60
32	35641	61
32	73570	62
32	137365	63
32	109108	64
32	75551	65
32	73848	66
32	48065	67
32	148713	68
32	94718	69
32	75371	70
32	73433	71
32	69838	72
32	103888	73
32	94322	74
32	70293	75
32	150976	76
32	158172	77
32	90433	78
32	109723	79
32	152541	80
32	149929	81
32	105498	82
32	137641	83
32	112059	84
32	154487	85
32	67988	86
32	30926	87
32	132817	88
32	70128	89
32	138625	90
32	75767	91
32	21029	92
32	163789	93
32	90968	94
32	171250	95
32	117893	96
32	38263	97
32	72739	98
32	121628	99
32	154774	100
33	89915	1
33	144275	2
33	99284	3
33	159617	4
33	70059	5
33	154097	6
33	96610	7
33	73200	8
33	120224	9
33	74626	10
33	70858	11
33	73609	12
33	74648	13
33	66688	14
33	31760	15
33	35798	16
33	75340	17
33	113044	18
33	91612	19
33	76384	20
33	109571	21
33	83956	22
33	109935	23
33	115902	24
33	100526	25
33	121694	26
33	94867	27
33	120160	28
33	134277	29
33	80294	30
33	167508	31
33	75598	32
33	115276	33
33	80492	34
33	148315	35
33	141329	36
33	88368	37
33	107827	38
33	166810	39
33	171185	40
33	108582	41
33	168612	42
33	93186	43
33	25688	44
33	108385	45
33	118392	46
33	64320	47
33	27480	48
33	114074	49
33	169109	50
33	106197	51
33	161583	52
33	41374	53
33	114101	54
33	127286	55
33	71775	56
33	68680	57
33	121155	58
33	154957	59
33	67532	60
33	145613	61
33	36320	62
33	88280	63
33	71829	64
33	170307	65
33	148183	66
33	135066	67
33	168882	68
33	75435	69
33	103869	70
33	88438	71
33	133279	72
33	145978	73
33	117869	74
33	119007	75
33	99482	76
33	68011	77
33	108090	78
33	115887	79
33	57356	80
33	157967	81
33	97673	82
33	134864	83
33	95623	84
33	91794	85
33	95256	86
33	126487	87
33	100595	88
33	119081	89
33	47234	90
33	51760	91
33	69977	92
33	68593	93
33	36740	94
33	37796	95
33	112735	96
33	96481	97
33	95615	98
33	114960	99
33	104358	100
34	33860	1
34	26648	2
34	93271	3
34	85916	4
34	96612	5
34	160855	6
34	166111	7
34	152139	8
34	99604	9
34	121402	10
34	104726	11
34	72126	12
34	99047	13
34	124328	14
34	115628	15
34	104735	16
34	60947	17
34	133286	18
34	133853	19
34	100053	20
34	119518	21
34	89214	22
34	165720	23
34	115635	24
34	117440	25
34	108068	26
34	150684	27
34	129068	28
34	95884	29
34	106612	30
34	66724	31
34	33190	32
34	113007	33
34	108648	34
34	92736	35
34	100396	36
34	149693	37
34	120255	38
34	105532	39
34	87920	40
34	106655	41
34	43455	42
34	94454	43
34	103310	44
34	96266	45
34	144076	46
34	136518	47
34	133958	48
34	161840	49
34	117925	50
34	51209	51
34	45383	52
34	46036	53
34	114382	54
34	101198	55
34	119644	56
34	95926	57
34	113132	58
34	165312	59
34	29375	60
34	89753	61
34	88749	62
34	28064	63
34	88962	64
34	118679	65
34	57848	66
34	67776	67
34	107392	68
34	26659	69
34	164186	70
34	119441	71
34	153781	72
34	107609	73
34	149356	74
34	36828	75
34	142352	76
34	111981	77
34	144546	78
34	92107	79
34	143617	80
34	57833	81
34	83261	82
34	102792	83
34	92269	84
34	111641	85
34	168574	86
34	102140	87
34	106472	88
34	71757	89
34	163709	90
34	120478	91
34	113917	92
34	58005	93
34	114325	94
34	122955	95
34	43805	96
34	150681	97
34	125206	98
34	138361	99
34	113117	100
35	106129	1
35	111562	2
35	84576	3
35	79941	4
35	97092	5
35	115471	6
35	108011	7
35	70487	8
35	84945	9
35	92768	10
35	90008	11
35	89735	12
35	90366	13
35	112815	14
35	74979	15
35	97686	16
35	157891	17
35	74643	18
35	124782	19
35	150630	20
35	117982	21
35	112742	22
35	88096	23
35	118289	24
35	89764	25
35	110024	26
35	75076	27
35	109647	28
35	167775	29
35	80675	30
35	76000	31
35	100317	32
35	117613	33
35	117058	34
35	72834	35
35	105904	36
35	92526	37
35	88160	38
35	109983	39
35	71432	40
35	102717	41
35	103554	42
35	99942	43
35	103024	44
35	106718	45
35	45664	46
35	99447	47
35	116234	48
35	111954	49
35	100698	50
35	118056	51
35	93993	52
35	81455	53
35	123776	54
35	120070	55
35	68926	56
35	67169	57
35	99802	58
35	119000	59
35	151684	60
35	102031	61
35	100153	62
35	101792	63
35	89692	64
35	105001	65
35	102603	66
35	115558	67
35	154441	68
35	107719	69
35	91971	70
35	127424	71
35	101410	72
35	155332	73
35	156258	74
35	117380	75
35	120539	76
35	76304	77
35	119044	78
35	150625	79
35	24489	80
35	145141	81
35	69567	82
35	74581	83
35	91424	84
35	117430	85
35	168093	86
35	35644	87
35	69336	88
35	147558	89
35	72334	90
35	89064	91
35	118583	92
35	99851	93
35	103535	94
35	103452	95
35	105242	96
35	109278	97
35	52307	98
35	101989	99
35	94720	100
36	76003	1
36	160787	2
36	171184	3
36	60015	4
36	142650	5
36	114893	6
36	162104	7
36	171004	8
36	70611	9
36	168109	10
36	134676	11
36	91928	12
36	146643	13
36	67919	14
36	67586	15
36	72528	16
36	97710	17
36	115229	18
36	69027	19
36	73732	20
36	69343	21
36	69068	22
36	76183	23
36	68943	24
36	99157	25
36	138176	26
36	50546	27
36	170932	28
36	70492	29
36	67968	30
36	67306	31
36	84588	32
36	100996	33
36	144241	34
36	67510	35
36	74727	36
36	103884	37
36	71691	38
36	53069	39
36	75202	40
36	159567	41
36	148142	42
36	132821	43
36	72899	44
36	159192	45
36	70993	46
36	79396	47
36	158353	48
36	71458	49
36	73111	50
36	110262	51
36	68507	52
36	70938	53
36	71680	54
36	136588	55
36	169901	56
36	161773	57
36	167789	58
36	162029	59
36	132846	60
36	141675	61
36	167362	62
36	69306	63
36	147912	64
36	67542	65
36	153551	66
36	161897	67
36	76095	68
36	69323	69
36	71239	70
36	79548	71
36	139327	72
36	152488	73
36	71831	74
36	129081	75
36	77321	76
36	87052	77
36	167405	78
36	120017	79
36	114346	80
36	86623	81
36	38543	82
36	122693	83
36	79705	84
36	81767	85
36	81505	86
36	154762	87
36	91199	88
36	121248	89
36	159607	90
36	87910	91
36	87084	92
36	165034	93
36	97561	94
36	71085	95
36	109822	96
36	95739	97
36	163688	98
36	157024	99
36	67925	100
37	75257	1
37	114151	2
37	93536	3
37	59111	4
37	137655	5
37	129821	6
37	94316	7
37	113946	8
37	74954	9
37	163459	10
37	72572	11
37	71900	12
37	90649	13
37	105785	14
37	171250	15
37	136187	16
37	121628	17
37	90709	18
37	168922	19
37	138625	20
37	162856	21
37	98104	22
37	74726	23
37	84329	24
37	75922	25
37	133897	26
37	96458	27
37	137537	28
37	68751	29
37	96568	30
37	67267	31
37	74905	32
37	90968	33
37	30391	34
37	30926	35
37	93034	36
37	92122	37
37	76427	38
37	110029	39
37	155723	40
37	158133	41
37	99709	42
37	132017	43
37	74996	44
37	69187	45
37	72601	46
37	141791	47
37	74116	48
37	145822	49
37	138170	50
37	67770	51
37	132828	52
37	82355	53
37	141205	54
37	73883	55
37	112990	56
37	69749	57
37	72435	58
37	155980	59
37	169527	60
37	129534	61
37	70444	62
37	70557	63
37	164693	64
37	69786	65
37	98326	66
37	140503	67
37	91914	68
37	73261	69
37	121593	70
37	98908	71
37	102222	72
37	163734	73
37	117843	74
37	136823	75
37	160941	76
37	123208	77
37	140649	78
37	109676	79
37	74260	80
37	73761	81
37	148545	82
37	143930	83
37	112676	84
37	156225	85
37	68187	86
37	158320	87
37	114405	88
37	149406	89
37	124972	90
37	74620	91
37	128357	92
37	115380	93
37	72416	94
37	74813	95
37	133690	96
37	70936	97
37	99849	98
37	91491	99
37	69999	100
38	88270	1
38	134801	2
38	105327	3
38	141848	4
38	148536	5
38	69935	6
38	46274	7
38	113425	8
38	125534	9
38	89281	10
38	103519	11
38	101413	12
38	101077	13
38	67324	14
38	89054	15
38	39998	16
38	28474	17
38	131594	18
38	60921	19
38	54982	20
38	73819	21
38	104209	22
38	47058	23
38	98328	24
38	101314	25
38	119788	26
38	140865	27
38	38955	28
38	139247	29
38	100165	30
38	166273	31
38	98100	32
38	110782	33
38	115427	34
38	167152	35
38	104131	36
38	107692	37
38	106753	38
38	73351	39
38	46965	40
38	74803	41
38	162702	42
38	109977	43
38	132076	44
38	55745	45
38	144047	46
38	39965	47
38	89536	48
38	97184	49
38	135247	50
38	168447	51
38	106827	52
38	154153	53
38	94007	54
38	135848	55
38	94226	56
38	31521	57
38	91435	58
38	167086	59
38	105936	60
38	109775	61
38	138623	62
38	125998	63
38	99110	64
38	110825	65
38	164385	66
38	74129	67
38	61556	68
38	53358	69
38	73085	70
38	111427	71
38	72414	72
38	102293	73
38	39473	74
38	120257	75
38	103104	76
38	76084	77
38	75788	78
38	156480	79
38	107452	80
38	140657	81
38	107409	82
38	43713	83
38	116081	84
38	92109	85
38	29106	86
38	148948	87
38	168425	88
38	156497	89
38	52139	90
38	165170	91
38	150715	92
38	43272	93
38	108707	94
38	54317	95
38	28597	96
38	92435	97
38	91135	98
38	98416	99
38	101051	100
39	48751	1
39	97698	2
39	39287	3
39	105546	4
39	97697	5
39	117851	6
39	138623	7
39	119980	8
39	94481	9
39	92109	10
39	167086	11
39	105936	12
39	121365	13
39	136556	14
39	102842	15
39	99661	16
39	89138	17
39	28597	18
39	26558	19
39	125512	20
39	171103	21
39	170939	22
39	156497	23
39	107024	24
39	135724	25
39	102061	26
39	128580	27
39	112264	28
39	88660	29
39	138590	30
39	111484	31
39	150875	32
39	30930	33
39	123655	34
39	135243	35
39	160362	36
39	110375	37
39	90973	38
39	165248	39
39	112183	40
39	157881	41
39	108987	42
39	88606	43
39	119017	44
39	88721	45
39	49243	46
39	98100	47
39	166273	48
39	68467	49
39	88720	50
39	119078	51
39	90309	52
39	117223	53
39	32442	54
39	103850	55
39	145929	56
39	134726	57
39	57584	58
39	89667	59
39	132676	60
39	138052	61
39	116181	62
39	128614	63
39	142553	64
39	105551	65
39	152664	66
39	73180	67
39	92180	68
39	128362	69
39	88209	70
39	139673	71
39	139213	72
39	120076	73
39	100292	74
39	99649	75
39	138924	76
39	53403	77
39	144924	78
39	93636	79
39	121997	80
39	93285	81
39	135574	82
39	143454	83
39	119419	84
39	71396	85
39	109509	86
39	97706	87
39	150521	88
39	39473	89
39	150367	90
39	125206	91
39	122661	92
39	114005	93
39	159136	94
39	105953	95
39	65598	96
39	108866	97
39	144136	98
39	54947	99
39	118141	100
40	73848	1
40	72004	2
40	72206	3
40	69871	4
40	72352	5
40	68187	6
40	74602	7
40	68896	8
40	74037	9
40	75713	10
40	145240	11
40	46324	12
40	70467	13
40	74116	14
40	103559	15
40	72455	16
40	76308	17
40	103803	18
40	99709	19
40	52132	20
40	73862	21
40	166286	22
40	108418	23
40	74188	24
40	139862	25
40	74311	26
40	82355	27
40	142078	28
40	101095	29
40	74398	30
40	29230	31
40	109424	32
40	72536	33
40	89635	34
40	138841	35
40	114086	36
40	70562	37
40	140503	38
40	67968	39
40	73570	40
40	148584	41
40	101934	42
40	75257	43
40	150036	44
40	71970	45
40	125968	46
40	115380	47
40	160750	48
40	158320	49
40	71550	50
40	156225	51
40	48934	52
40	73055	53
40	74726	54
40	70936	55
40	76289	56
40	105704	57
40	121628	58
40	145461	59
40	83997	60
40	76186	61
40	74191	62
40	72259	63
40	75053	64
40	123208	65
40	75470	66
40	75804	67
40	67510	68
40	106252	69
40	74752	70
40	71069	71
40	151531	72
40	72502	73
40	30391	74
40	109927	75
40	44135	76
40	138625	77
40	73893	78
40	73693	79
40	135765	80
40	121761	81
40	68426	82
40	70293	83
40	69999	84
40	70938	85
40	141205	86
40	112712	87
40	142518	88
40	141791	89
40	70791	90
40	75018	91
40	74507	92
40	140956	93
40	164226	94
40	96568	95
40	91491	96
40	87802	97
40	70524	98
40	71637	99
40	117347	100
41	62644	1
41	116950	2
41	111702	3
41	123792	4
41	65407	5
41	119259	6
41	155191	7
41	114734	8
41	59805	9
41	72916	10
41	106497	11
41	71745	12
41	72735	13
41	166018	14
41	123228	15
41	169308	16
41	42580	17
41	119198	18
41	100477	19
41	111896	20
41	124668	21
41	120486	22
41	56320	23
41	69160	24
41	75735	25
41	74476	26
41	119836	27
41	167532	28
41	116197	29
41	154949	30
41	71054	31
41	153722	32
41	117241	33
41	96543	34
41	62989	35
41	57948	36
41	113202	37
41	117695	38
41	126685	39
41	102107	40
41	91786	41
41	70424	42
41	44555	43
41	31985	44
41	96878	45
41	142401	46
41	45991	47
41	118163	48
41	148176	49
41	87916	50
41	101939	51
41	159559	52
41	132877	53
41	130560	54
41	115681	55
41	105118	56
41	61019	57
41	75641	58
41	103286	59
41	88874	60
41	100196	61
41	137933	62
41	54362	63
41	64389	64
41	109238	65
41	168335	66
41	32012	67
41	110260	68
41	92279	69
41	119969	70
41	29442	71
41	89802	72
41	159742	73
41	105814	74
41	109492	75
41	138909	76
41	163140	77
41	91808	78
41	97882	79
41	107197	80
41	167109	81
41	131590	82
41	128791	83
41	139507	84
41	75377	85
41	111583	86
41	107289	87
41	101783	88
41	162422	89
41	111199	90
41	67952	91
41	136396	92
41	45552	93
41	87858	94
41	69807	95
41	129988	96
41	150063	97
41	94778	98
41	170933	99
41	132645	100
42	32082	1
42	68942	2
42	153874	3
42	108358	4
42	133228	5
42	152294	6
42	111496	7
42	140469	8
42	102256	9
42	141840	10
42	134951	11
42	137611	12
42	108814	13
42	153011	14
42	83062	15
42	97523	16
42	106817	17
42	26532	18
42	112401	19
42	58478	20
42	123060	21
42	33828	22
42	113634	23
42	156135	24
42	152732	25
42	88417	26
42	115105	27
42	73916	28
42	25112	29
42	57344	30
42	69197	31
42	39087	32
42	115820	33
42	78570	34
42	139005	35
42	41453	36
42	89792	37
42	88653	38
42	120547	39
42	153545	40
42	130754	41
42	163820	42
42	92396	43
42	113849	44
42	93008	45
42	92750	46
42	100768	47
42	92641	48
42	105993	49
42	119532	50
42	119280	51
42	89736	52
42	108964	53
42	95576	54
42	170319	55
42	23817	56
42	109802	57
42	131978	58
42	68691	59
42	24242	60
42	89631	61
42	170951	62
42	105272	63
42	170449	64
42	75059	65
42	61435	66
42	151075	67
42	127957	68
42	74948	69
42	73492	70
42	115973	71
42	69502	72
42	57633	73
42	38143	74
42	26544	75
42	93741	76
42	112967	77
42	100115	78
42	112283	79
42	96762	80
42	70038	81
42	101150	82
42	115679	83
42	94878	84
42	163189	85
42	84175	86
42	118096	87
42	106673	88
42	98451	89
42	35813	90
42	56794	91
42	154107	92
42	120121	93
42	159044	94
42	98257	95
42	22281	96
42	107191	97
42	114484	98
42	40894	99
42	163272	100
43	33139	1
43	92697	2
43	141143	3
43	160607	4
43	164299	5
43	107427	6
43	161339	7
43	158736	8
43	90818	9
43	169900	10
43	146936	11
43	149980	12
43	33507	13
43	101037	14
43	90704	15
43	43254	16
43	147860	17
43	151795	18
43	93000	19
43	144802	20
43	102125	21
43	147129	22
43	115606	23
43	148109	24
43	164417	25
43	24855	26
43	145515	27
43	62566	28
43	155031	29
43	54976	30
43	95224	31
43	106033	32
43	113089	33
43	112400	34
43	118003	35
43	113589	36
43	132124	37
43	41013	38
43	114734	39
43	45991	40
43	72635	41
43	167317	42
43	111583	43
43	130254	44
43	49134	45
43	105449	46
43	105871	47
43	103286	48
43	93997	49
43	45429	50
43	59805	51
43	150063	52
43	131928	53
43	139916	54
43	102833	55
43	96875	56
43	108811	57
43	153334	58
43	11594	59
43	111941	60
43	105205	61
43	137395	62
43	65407	63
43	40644	64
43	136062	65
43	48343	66
43	25731	67
43	103802	68
43	166018	69
43	119198	70
43	45552	71
43	63647	72
43	146773	73
43	38308	74
43	121120	75
43	104232	76
43	115071	77
43	158741	78
43	112883	79
43	95574	80
43	119502	81
43	137745	82
43	56920	83
43	136619	84
43	110884	85
43	74894	86
43	119259	87
43	150152	88
43	147254	89
43	108736	90
43	41398	91
43	98866	92
43	156885	93
43	21271	94
43	111702	95
43	39841	96
43	101783	97
43	120964	98
43	117237	99
43	142532	100
44	67320	1
44	74804	2
44	91666	3
44	31097	4
44	68277	5
44	133442	6
44	75681	7
44	133574	8
44	97411	9
44	91826	10
44	103891	11
44	91825	12
44	94052	13
44	111508	14
44	103259	15
44	117867	16
44	60900	17
44	141338	18
44	129751	19
44	166944	20
44	118291	21
44	133643	22
44	114380	23
44	145078	24
44	154793	25
44	71205	26
44	149980	27
44	70616	28
44	108235	29
44	75606	30
44	101160	31
44	29504	32
44	43132	33
44	160014	34
44	114225	35
44	168632	36
44	158648	37
44	42115	38
44	69591	39
44	103141	40
44	169734	41
44	69866	42
44	45794	43
44	164279	44
44	100091	45
44	163140	46
44	116281	47
44	127411	48
44	108552	49
44	71919	50
44	81393	51
44	100842	52
44	93315	53
44	74429	54
44	136990	55
44	71939	56
44	94201	57
44	44552	58
44	95845	59
44	138434	60
44	110933	61
44	102102	62
44	101598	63
44	167221	64
44	55151	65
44	68141	66
44	91126	67
44	71010	68
44	75534	69
44	103475	70
44	153886	71
44	162200	72
44	101703	73
44	105054	74
44	136200	75
44	149768	76
44	73024	77
44	96036	78
44	99640	79
44	109216	80
44	154969	81
44	68699	82
44	112588	83
44	70840	84
44	112848	85
44	30086	86
44	97306	87
44	69603	88
44	158582	89
44	67590	90
44	59012	91
44	73197	92
44	72214	93
44	68150	94
44	68905	95
44	70886	96
44	42270	97
44	91489	98
44	71169	99
44	134110	100
45	108922	1
45	103033	2
45	37696	3
45	91461	4
45	103802	5
45	108811	6
45	107434	7
45	105225	8
45	135728	9
45	130743	10
45	74894	11
45	37515	12
45	160994	13
45	96261	14
45	119091	15
45	92071	16
45	95004	17
45	72635	18
45	140154	19
45	39841	20
45	98203	21
45	41013	22
45	108355	23
45	68968	24
45	147529	25
45	52065	26
45	106063	27
45	38736	28
45	97255	29
45	49352	30
45	147254	31
45	62179	32
45	92922	33
45	116588	34
45	90131	35
45	149091	36
45	134131	37
45	90067	38
45	114393	39
45	106219	40
45	40644	41
45	96875	42
45	160486	43
45	41319	44
45	141170	45
45	74748	46
45	88149	47
45	98866	48
45	99426	49
45	29901	50
45	28784	51
45	38308	52
45	165341	53
45	107980	54
45	168893	55
45	91447	56
45	139393	57
45	110104	58
45	72540	59
45	92956	60
45	49531	61
45	74786	62
45	105750	63
45	89577	64
45	95224	65
45	92947	66
45	96403	67
45	51434	68
45	133683	69
45	170696	70
45	95977	71
45	88934	72
45	109322	73
45	146769	74
45	115987	75
45	98110	76
45	113828	77
45	100363	78
45	155302	79
45	106961	80
45	147312	81
45	106353	82
45	68517	83
45	49209	84
45	147569	85
45	119688	86
45	42086	87
45	96247	88
45	115010	89
45	131340	90
45	49618	91
45	158288	92
45	48991	93
45	125308	94
45	124027	95
45	156330	96
45	129889	97
45	58690	98
45	73588	99
45	102017	100
46	164331	1
46	89174	2
46	44800	3
46	102416	4
46	44930	5
46	94324	6
46	159117	7
46	145458	8
46	75747	9
46	102492	10
46	50814	11
46	70205	12
46	109811	13
46	107280	14
46	23770	15
46	53717	16
46	171148	17
46	167508	18
46	104779	19
46	115171	20
46	109693	21
46	87470	22
46	116393	23
46	26205	24
46	47637	25
46	70242	26
46	104653	27
46	141498	28
46	25585	29
46	104652	30
46	53341	31
46	165502	32
46	47239	33
46	112087	34
46	132081	35
46	100210	36
46	118968	37
46	133982	38
46	21880	39
46	89936	40
46	71843	41
46	96648	42
46	124198	43
46	148203	44
46	122043	45
46	112864	46
46	83623	47
46	113481	48
46	74102	49
46	47855	50
46	121121	51
46	109448	52
46	117711	53
46	30140	54
46	147154	55
46	73553	56
46	129145	57
46	29626	58
46	86339	59
46	105545	60
46	116838	61
46	135650	62
46	41453	63
46	95159	64
46	116012	65
46	116607	66
46	96211	67
46	68429	68
46	119506	69
46	145136	70
46	116254	71
46	112283	72
46	142762	73
46	61780	74
46	74389	75
46	166296	76
46	56794	77
46	72798	78
46	43698	79
46	84425	80
46	136223	81
46	75980	82
46	63535	83
46	101412	84
46	107811	85
46	75230	86
46	139786	87
46	97093	88
46	72117	89
46	118211	90
46	109577	91
46	158908	92
46	93914	93
46	112515	94
46	26918	95
46	162712	96
46	51120	97
46	111468	98
46	71573	99
46	83956	100
47	136808	1
47	94045	2
47	75963	3
47	109474	4
47	116133	5
47	90864	6
47	89358	7
47	109618	8
47	142486	9
47	115422	10
47	87768	11
47	159280	12
47	123261	13
47	61043	14
47	91102	15
47	103439	16
47	28883	17
47	145354	18
47	101579	19
47	169378	20
47	27392	21
47	106265	22
47	110743	23
47	101896	24
47	94454	25
47	115701	26
47	111611	27
47	45062	28
47	155994	29
47	88217	30
47	116803	31
47	163533	32
47	108317	33
47	11877	34
47	102527	35
47	60665	36
47	98440	37
47	44308	38
47	115194	39
47	101194	40
47	95383	41
47	135248	42
47	119569	43
47	108529	44
47	126207	45
47	70862	46
47	164601	47
47	106034	48
47	100542	49
47	117453	50
47	106463	51
47	99506	52
47	40287	53
47	36824	54
47	117997	55
47	68812	56
47	63424	57
47	129579	58
47	116043	59
47	98459	60
47	42666	61
47	62576	62
47	27011	63
47	116899	64
47	123834	65
47	26673	66
47	91100	67
47	65809	68
47	107207	69
47	73251	70
47	104263	71
47	86080	72
47	113764	73
47	166855	74
47	87990	75
47	155278	76
47	116050	77
47	106586	78
47	119826	79
47	74556	80
47	149573	81
47	109351	82
47	106951	83
47	113490	84
47	116784	85
47	105862	86
47	106523	87
47	66141	88
47	92938	89
47	113013	90
47	122491	91
47	114695	92
47	91045	93
47	45412	94
47	23049	95
47	47945	96
47	89250	97
47	102821	98
47	107211	99
47	142357	100
48	90179	1
48	45552	2
48	29965	3
48	104966	4
48	110005	5
48	90921	6
48	22454	7
48	101204	8
48	107331	9
48	145346	10
48	110713	11
48	127760	12
48	87953	13
48	99907	14
48	142087	15
48	89433	16
48	46394	17
48	26373	18
48	30867	19
48	75630	20
48	99417	21
48	95989	22
48	103631	23
48	57452	24
48	167368	25
48	144634	26
48	71544	27
48	97259	28
48	79994	29
48	34762	30
48	94106	31
48	72814	32
48	28300	33
48	112823	34
48	50114	35
48	106790	36
48	53330	37
48	83050	38
48	94008	39
48	101353	40
48	89278	41
48	101625	42
48	69388	43
48	109846	44
48	103085	45
48	159042	46
48	69045	47
48	29777	48
48	96791	49
48	142586	50
48	105871	51
48	109434	52
48	99251	53
48	160473	54
48	107031	55
48	52872	56
48	76435	57
48	33335	58
48	49134	59
48	73923	60
48	132864	61
48	92859	62
48	131044	63
48	90803	64
48	114262	65
48	88016	66
48	41422	67
48	105770	68
48	169255	69
48	38044	70
48	124527	71
48	110702	72
48	152214	73
48	83522	74
48	130114	75
48	101817	76
48	66724	77
48	112577	78
48	120255	79
48	66443	80
48	127262	81
48	94532	82
48	36957	83
48	51447	84
48	61678	85
48	103286	86
48	104418	87
48	126744	88
48	107810	89
48	35920	90
48	108112	91
48	99522	92
48	54889	93
48	117203	94
48	40459	95
48	160803	96
48	104566	97
48	47299	98
48	62948	99
48	116214	100
49	73595	1
49	152597	2
49	113806	3
49	69798	4
49	67257	5
49	109469	6
49	102462	7
49	73632	8
49	138861	9
49	78055	10
49	136086	11
49	98965	12
49	109597	13
49	53362	14
49	112741	15
49	109763	16
49	140623	17
49	111570	18
49	69298	19
49	134627	20
49	121076	21
49	91514	22
49	118227	23
49	64145	24
49	76053	25
49	69405	26
49	72246	27
49	126637	28
49	96155	29
49	57959	30
49	124812	31
49	162326	32
49	67098	33
49	113215	34
49	45422	35
49	70718	36
49	73969	37
49	67220	38
49	70022	39
49	68179	40
49	67771	41
49	141981	42
49	154483	43
49	92030	44
49	136773	45
49	69086	46
49	133715	47
49	94561	48
49	125959	49
49	99805	50
49	157668	51
49	73306	52
49	76404	53
49	75181	54
49	163109	55
49	67820	56
49	130132	57
49	158036	58
49	152239	59
49	74335	60
49	128362	61
49	169332	62
49	101413	63
49	37142	64
49	137367	65
49	140499	66
49	69425	67
49	104121	68
49	136124	69
49	130569	70
49	28474	71
49	58572	72
49	69795	73
49	70345	74
49	108065	75
49	70648	76
49	144449	77
49	106569	78
49	104664	79
49	167108	80
49	143045	81
49	130534	82
49	72729	83
49	91194	84
49	105206	85
49	75942	86
49	146350	87
49	79864	88
49	73085	89
49	69225	90
49	162282	91
49	76196	92
49	31210	93
49	117018	94
49	42865	95
49	4546	96
49	89891	97
49	75455	98
49	78941	99
49	52139	100
50	88983	1
50	99595	2
50	149559	3
50	117999	4
50	162273	5
50	85708	6
50	132765	7
50	161429	8
50	109860	9
50	123778	10
50	154606	11
50	141137	12
50	143666	13
50	72797	14
50	98607	15
50	123382	16
50	154644	17
50	74408	18
50	109438	19
50	68593	20
50	27862	21
50	141329	22
50	60369	23
50	113487	24
50	67146	25
50	114074	26
50	169109	27
50	121324	28
50	149590	29
50	72619	30
50	101983	31
50	92305	32
50	94826	33
50	139364	34
50	144818	35
50	143199	36
50	105669	37
50	156012	38
50	73383	39
50	76043	40
50	144867	41
50	105278	42
50	95164	43
50	149003	44
50	71591	45
50	125117	46
50	71059	47
50	102887	48
50	128253	49
50	111907	50
50	127133	51
50	71270	52
50	113238	53
50	123836	54
50	106536	55
50	148579	56
50	71147	57
50	37804	58
50	123409	59
50	122431	60
50	141637	61
50	74850	62
50	135968	63
50	97497	64
50	104639	65
50	56334	66
50	95171	67
50	103325	68
50	117065	69
50	71552	70
50	156353	71
50	144900	72
50	73267	73
50	79792	74
50	129534	75
50	37018	76
50	45301	77
50	95846	78
50	92864	79
50	90143	80
50	25813	81
50	125986	82
50	63391	83
50	100626	84
50	70921	85
50	80294	86
50	69073	87
50	93400	88
50	134755	89
50	117513	90
50	107520	91
50	136863	92
50	131844	93
50	79914	94
50	70779	95
50	106898	96
50	144275	97
50	54762	98
50	55445	99
50	133283	100
